pageid,title
760312,Han Zheng
1454147,Li Keqiang
2017814,Xi Jinping
2185782,Wang Qishan
2302187,Yi Gang
5702792,Qiangba Puncog
8202353,Wan Exiang
8314534,Hu Chunhua
11204281,Zhai Jun
15607593,Ding Zhongli
16003262,Chen Zhu
16322936,Wang Shengjun
17747416,Yan Junqi
17842511,Ji Bingxuan
17850760,Wang Chen (politician)
17853514,Sun Chunlan
17853850,Zhang Ping (politician)
18130790,Xiao Jie
18162320,Zhou Qiang
18211536,Wang Yi (politician)
18228631,Shen Yueyue
18301477,Li Jianguo
21993175,Lu Hao (born 1967)
25603204,Chen Changzhi
27135761,Li Xiaopeng (politician)
29484021,Wang Yong (politician)
38460809,Zhao Kezhi
38532731,Losang Jamcan
38755987,Wei Fenghe
41850807,Huang Ming (politician)
43729722,Qin Gang
44828733,Liu He (politician)
45156391,Gong Zheng
46256827,Chen Jining
47353873,He Lifeng
47367747,Hu Heping
47440470,Wang Wentao
47605431,Li Zuocheng
47738784,Zhang Jinan
48134310,Chen Wenqing
48693325,Li Guoying
49340089,Wen Guohui
51731963,Wang Menghui
53755202,Tang Renjian
54414573,Tang Yijun
54516009,Huai Jinpeng
56203542,Tang Dengjie
56898036,Sun Shaocheng
56901066,Wang Zhigang
56910622,Ma Xiaowei
56910945,Liu Kun
61505380,Lu Shaye
63806078,Huang Runqiu
64339897,Arken Imirbaki
65957851,Han Jun (politician)
67470685,Zhang Baowen
68934396,Xiao Yaqing
68937366,Chen Xiaojiang
69094124,Zhao Long
