wdid,name,wdLabel,source,sourceDate,psid
Q1185298,Hu Chunhua,Hu Chunhua,,,Q1185298-bf3504da-4692-f6cd-cdbd-46df8cdb8c1c
Q195379,Sun Chunlan,Sun Chunlan,,,Q195379-9b592b50-4429-9d9a-10ae-070d57736f01
Q197445,Zhao Kezhi,Zhao Kezhi,,,Q197445-E3B40B3C-6214-4770-8937-E8E9A0FC819B
Q2548285,Wang Yong,Wang Yong,,,Q2548285-72b93508-4420-5424-9604-5a94737bd38f
Q48405,Han Zheng,Han Zheng,,,Q48405-00a4abce-4a1a-5d5d-ad6f-2fbc8fadc4ef
Q701801,Wang Yi,Wang Yi,,,Q701801-FF7817AB-25C0-4AE0-9C8A-850122011E41
Q7929529,Wei Fenghe,Wei Fenghe,,,Q7929529-0FF6632F-73B5-4F09-965C-C5709319F7D3
Q8294074,Liu He,Liu He,,,Q8294074-86d3341e-4131-1628-31f5-b27d6afb235e
Q999251,Xiao Jie,Xiao Jie,,,Q999251-31961B55-D057-4643-BB3B-944B305B2350
Q18111,Li Keqiang,Li Keqiang,,,q18111-AA854CA9-35B1-41AF-B09A-7DEDAFC5B58D
